ticker,year,net_income,gross_profit,operating_income,rd_expense,revenues,cogs,op_margin,net_margin,tech_debt_proxy,rd_intensity,gross_margin,employees
MSFT,2018,7424000000.0,17550000000.0,8292000000,14726000000.0,,,,,,,,
MSFT,2019,8809000000.0,20401000000.0,10341000000,16876000000.0,,,,,,,,
MSFT,2020,10752000000.0,24046000000.0,12975000000,19269000000.0,,,,,,,,
MSFT,2021,61271000000.0,115856000000.0,69916000000,20716000000.0,,,,,,,,
MSFT,2022,72738000000.0,135620000000.0,83383000000,24512000000.0,,,,,,,,
MSFT,2023,72361000000.0,146052000000.0,88523000000,27195000000.0,,,,,,,,
MSFT,2024,88136000000.0,171008000000.0,109433000000,29510000000.0,,,,,,,,
MSFT,2025,101832000000.0,193893000000.0,128528000000,32488000000.0,,,,,,,,
GOOGL,2018,30736000000.0,,26321000000,21419000000.0,136819000000.0,59549000000.0,19.237825155862858,22.464716157843576,43.52392577054356,15.654989438601364,,
GOOGL,2019,34343000000.0,,34231000000,26018000000.0,161857000000.0,71896000000.0,21.14891540063142,21.21811228430034,44.41945668089733,16.074683208016953,,
GOOGL,2020,40269000000.0,,41224000000,27573000000.0,182527000000.0,84732000000.0,22.585151785763202,22.061941520980458,46.421625293792154,15.106258252203784,,
GOOGL,2021,76033000000.0,,78714000000,31562000000.0,257637000000.0,110939000000.0,30.55228868524319,29.511677282377917,43.06019709901916,12.250569599863374,,
GOOGL,2022,59972000000.0,,74842000000,39500000000.0,,126203000000.0,,,,,,
GOOGL,2023,73795000000.0,,84293000000,45427000000.0,307394000000.0,133332000000.0,27.421810445226647,24.006649446638516,43.37495201597949,14.778102370247955,,
GOOGL,2024,100118000000.0,,112390000000,49326000000.0,350018000000.0,146306000000.0,32.1097772114577,28.603671811164,41.79956459382089,14.092418104211784,,
GOOGL,2025,132170000000.0,,129039000000,61087000000.0,402836000000.0,162535000000.0,32.032638592380025,32.80987796522654,40.34768491396002,15.164235569810048,,
ORCL,2018,3825000000.0,24287000000.0,13679000000,6091000000.0,39831000000.0,,34.34259747432904,9.603072983354673,,15.292109161206097,60.97511988149934,
ORCL,2019,11083000000.0,,13535000000,6026000000.0,39506000000.0,,34.26061864020655,28.053966486103377,,15.253379233534147,,
ORCL,2020,10135000000.0,,13896000000,6067000000.0,39068000000.0,,35.5687519197297,25.941947373809764,,15.529333469847446,,
ORCL,2021,13746000000.0,,15213000000,6527000000.0,40479000000.0,,37.58245015934188,33.95834877343808,,16.124410187998716,,
ORCL,2022,6717000000.0,,10926000000,7219000000.0,42440000000.0,,25.74458058435438,15.827049952874647,,17.00989632422243,,
ORCL,2023,8503000000.0,,13093000000,8623000000.0,49954000000.0,,26.2101133042399,17.021659927132962,,17.26188093045602,,
ORCL,2024,10467000000.0,,15353000000,8915000000.0,52961000000.0,,28.98925624516153,19.763599629916353,,16.833141368176584,,
ORCL,2025,12443000000.0,,17678000000,9860000000.0,57399000000.0,,30.798445965957594,21.678078015296435,,17.17799961671806,,
SAP,2018,4088000000.0,17246000000.0,5703000000,3624000000.0,24708000000.0,7462000000.0,23.081593006313746,16.545248502509306,30.2007446980735,14.667314230208838,69.7992553019265,
SAP,2019,3370000000.0,19199000000.0,4473000000,4292000000.0,27553000000.0,8355000000.0,16.23416687837985,12.230973033789425,30.32337676478061,15.577251116030922,69.68025260407215,
SAP,2020,5283000000.0,19453000000.0,6623000000,4454000000.0,27338000000.0,7886000000.0,24.226351598507573,19.32474943302363,28.846294535079377,16.292340332138416,71.15736337698442,
SAP,2021,5376000000.0,19897000000.0,4656000000,5190000000.0,27842000000.0,7946000000.0,16.72293657064866,19.30895768982113,28.539616406867324,18.64090223403491,71.46397528913153,
SAP,2022,1708000000.0,21935000000.0,4670000000,6166000000.0,30871000000.0,8936000000.0,15.127465906514203,5.532700592789349,28.94626024424217,19.973437854296915,71.05373975575783,
SAP,2023,5964000000.0,22534000000.0,5787000000,6324000000.0,31207000000.0,8674000000.0,18.543916429006313,19.111096869292147,27.79504598327298,20.264684205466722,72.20815842599417,
SAP,2024,3150000000.0,24932000000.0,4665000000,6514000000.0,34176000000.0,9243000000.0,13.6499297752809,9.216994382022472,27.045294943820224,19.060159176029963,72.95177902621724,
SAP,2025,7326000000.0,26814000000.0,9617000000,6633000000.0,36800000000.0,9986000000.0,26.133152173913043,19.907608695652172,27.13586956521739,18.02445652173913,72.86413043478261,
IBM,2018,8728000000.0,36936000000.0,11342000000,5379000000.0,79591000000.0,42655000000.0,14.250354939628854,10.966064002211304,53.59274289806636,6.758301818044754,46.40725710193364,
IBM,2019,9431000000.0,36488000000.0,10166000000,5989000000.0,77147000000.0,40659000000.0,13.17744047078953,12.224713857959479,52.703280749737516,7.763101611209769,47.296719250262484,
IBM,2020,5590000000.0,35575000000.0,4637000000,6333000000.0,73620000000.0,38046000000.0,6.298560173865797,7.593045368106492,51.67889160554198,8.602281988590057,48.32246672099973,
IBM,2021,5743000000.0,31486000000.0,4837000000,6488000000.0,57350000000.0,25865000000.0,8.434176111595466,10.013949433304271,45.10026155187445,11.312990409764604,54.90148212728858,
IBM,2022,1639000000.0,32687000000.0,1156000000,6567000000.0,60530000000.0,27842000000.0,1.9097967949776968,2.7077482240211466,45.9970262679663,10.849165702957212,54.00132165868165,
IBM,2023,7502000000.0,34300000000.0,8690000000,6775000000.0,61860000000.0,27560000000.0,14.047849983834466,12.127384416424183,44.55221467830585,10.952150016165534,55.44778532169414,
IBM,2024,6023000000.0,35551000000.0,5797000000,7479000000.0,62753000000.0,27201000000.0,9.237805363886986,9.597947508485651,43.34613484614282,11.918155307315985,56.6522716045448,
IBM,2025,10593000000.0,39297000000.0,10328000000,8316000000.0,67535000000.0,28239000000.0,15.292811134967055,15.685200266528469,41.81387428740653,12.313615162508329,58.18760642629748,
ADBE,2018,583076000.0,1820045000.0,2840369000,,2078947000.0,1194999000.0,136.62536851588808,28.046698641187103,57.480974743463875,,87.54648386899714,
ADBE,2019,674241000.0,2203660000.0,3268121000,,2600946000.0,1672720000.0,125.65124381667286,25.922914201217555,64.31198494701543,,84.72532686184181,
ADBE,2020,955000000.0,2639000000.0,4237000000,,3091000000.0,452000000.0,137.07538013587836,30.89615011323196,14.623099320608219,,85.37690067939178,
ADBE,2021,4822000000.0,13920000000.0,5802000000,,15785000000.0,1865000000.0,36.75641431738993,30.54798859676908,11.815014254038644,,88.18498574596136,
ADBE,2022,4756000000.0,15441000000.0,6098000000,,17606000000.0,2165000000.0,34.635919572872886,27.013518118823125,12.29694422356015,,87.70305577643985,
ADBE,2023,5428000000.0,17055000000.0,6650000000,,19409000000.0,2354000000.0,34.262455561852754,27.96640733680251,12.128394044000206,,87.8716059559998,
ADBE,2024,5560000000.0,19147000000.0,6741000000,,21505000000.0,2358000000.0,31.346198558474775,25.854452452917926,10.964891885607999,,89.035108114392,
ADBE,2025,7130000000.0,21218000000.0,8706000000,,23769000000.0,2551000000.0,36.62754007320459,29.99705498758888,10.732466658252346,,89.26753334174765,
CRM,2018,127478000.0,7706490000.0,235768000,1553073000.0,,,,,,,,
CRM,2019,1110000000.0,9831000000.0,535000000,1886000000.0,,,,,,,,
CRM,2020,126000000.0,12863000000.0,297000000,2766000000.0,,,,,,,,
CRM,2021,4072000000.0,15814000000.0,455000000,3598000000.0,,,,,,,,
CRM,2022,1444000000.0,19466000000.0,548000000,4465000000.0,,,,,,,,
CRM,2023,208000000.0,22992000000.0,1030000000,5055000000.0,,,,,,,,
CRM,2024,4136000000.0,26316000000.0,5011000000,4906000000.0,,,,,,,,
CRM,2025,6197000000.0,29252000000.0,7205000000,5493000000.0,,,,,,,,
CRM,2026,7457000000.0,32255000000.0,8331000000,5993000000.0,,,,,,,,
INTU,2018,-21000000.0,,20000000,1186000000.0,1165000000.0,246000000.0,1.7167381974248928,-1.8025751072961373,21.115879828326182,101.80257510729614,,
INTU,2019,189000000.0,,233000000,1233000000.0,1502000000.0,285000000.0,15.512649800266312,12.583222370173102,18.974700399467377,82.09054593874833,,
INTU,2020,240000000.0,,270000000,1392000000.0,1696000000.0,340000000.0,15.919811320754718,14.150943396226415,20.047169811320757,82.0754716981132,,
INTU,2021,2062000000.0,,2500000000,1678000000.0,9633000000.0,,25.952455102252674,21.405584968338005,,17.419287864631993,,
INTU,2022,2066000000.0,,2571000000,2347000000.0,12726000000.0,,20.202734559170203,16.234480590916235,,18.442558541568445,,
INTU,2023,2384000000.0,,3141000000,2539000000.0,14368000000.0,,21.86108017817372,16.592427616926503,,17.67121380846325,,
INTU,2024,2963000000.0,,3630000000,2754000000.0,16285000000.0,,22.290451335584894,18.1946576604237,,16.911268038071846,,
INTU,2025,3869000000.0,,4923000000,2928000000.0,18831000000.0,,26.143061972279753,20.54590834262652,,15.54882905846742,,
NOW,2018,-26704000.0,1986158000.0,-42426000,529501000.0,,622658000.0,,,,,,
NOW,2019,626698000.0,2663792000.0,42123000,748369000.0,,796645000.0,,,,,,
NOW,2020,118503000.0,3532371000.0,198863000,1024327000.0,,987113000.0,,,,,,
NOW,2021,230141000.0,4543000000.0,257000000,1397000000.0,,1353000000.0,,,,,,
NOW,2022,325000000.0,5672000000.0,355000000,1768000000.0,,1573000000.0,,,,,,
NOW,2023,1731000000.0,7050000000.0,762000000,2124000000.0,,1921000000.0,,,,,,
NOW,2024,1425000000.0,8697000000.0,1364000000,2543000000.0,,2287000000.0,,,,,,
NOW,2025,1748000000.0,10295000000.0,1824000000,2960000000.0,,2983000000.0,,,,,,
WDAY,2018,-321222000.0,,-303223000,910584000.0,2143050000.0,,-14.149133244674648,-14.989010989010989,,42.490095891369776,,
WDAY,2019,-418258000.0,,-463284000,1211832000.0,,,,,,,,
WDAY,2020,-480674000.0,,-502230000,1549906000.0,,,,,,,,
WDAY,2021,-282431000.0,,-248599000,1721222000.0,,,,,,,,
WDAY,2022,29373000.0,,-116450000,1879220000.0,,,,,,,,
WDAY,2023,-366749000.0,,-222200000,2270660000.0,,,,,,,,
WDAY,2024,1381000000.0,,183000000,2464000000.0,,,,,,,,
WDAY,2025,526000000.0,,415000000,2626000000.0,,,,,,,,
WDAY,2026,693000000.0,,721000000,2679000000.0,,,,,,,,
TEAM,2021,-578979000.0,1757282000.0,141406000,932994000.0,2089132000.0,331850000.0,6.768648414748327,-27.713854366310986,15.884587474606679,44.659408787955954,84.11541252539332,
TEAM,2022,-519510000.0,2349968000.0,70083000,1291877000.0,2802882000.0,452914000.0,2.5003906693182234,-18.534850914166203,16.158867908103158,46.091023453716566,83.84113209189684,
TEAM,2023,-486761000.0,2900882000.0,-345222000,1869881000.0,3534647000.0,633765000.0,-9.766802738717614,-13.771134713027921,17.930079014962455,52.90149200188873,82.06992098503754,
TEAM,2024,-300519000.0,3555108000.0,-117077000,2184111000.0,4358603000.0,803495000.0,-2.6861129586704733,-6.89484681215518,18.434691115478973,50.11034498897927,81.56530888452103,
TEAM,2025,-256687000.0,4320453000.0,-130392000,2669312000.0,5215304000.0,,-2.5001802387741923,-4.92180321607331,,51.182289661350524,82.84182475268939,
ZM,2018,-3822000.0,120698000.0,-4833000,15733000.0,151478000.0,30780000.0,-3.190562325882306,-2.5231386736027672,20.319782410647093,10.386326727313538,79.6802175893529,
ZM,2019,7584000.0,269516000.0,6167000,33014000.0,330517000.0,61001000.0,1.8658646907723355,2.2945869652695623,18.456236744252188,9.988593627559247,81.54376325574782,
ZM,2020,25305000.0,507262000.0,12696000,67079000.0,622658000.0,115396000.0,2.039000542834108,4.064028728451253,18.53280613113459,10.773008617892968,81.46719386886542,
ZM,2021,672316000.0,1829379000.0,659848000,164080000.0,2651368000.0,821989000.0,24.887077161676537,25.357324973372236,31.002448547315954,6.188503444259718,68.99755145268405,
ZM,2022,1375639000.0,3045310000.0,1063591000,362990000.0,4099864000.0,1054554000.0,25.9421044210247,33.55328371867945,25.721682475321135,8.853708318129577,74.27831752467887,
ZM,2023,103711000.0,3292509000.0,245429000,774059000.0,4392960000.0,1100451000.0,5.586870811480186,2.36084553467366,25.050330528846153,17.620442708333332,74.94966947115384,
ZM,2024,637462000.0,3449423000.0,525279000,803187000.0,4527224000.0,1077801000.0,11.60267307294713,14.080637494411585,23.80710563471125,17.741269263460346,76.19289436528875,
ZM,2025,1010238000.0,3535806000.0,813295000,852415000.0,4665433000.0,1129627000.0,17.432358368451546,21.65368144821713,24.212693655658544,18.270865748152424,75.78730634434146,
ZM,2026,1900148000.0,3749733000.0,1123633000,844875000.0,4868769000.0,1119036000.0,23.078379771149546,39.027277736939254,22.983961654373005,17.35294896923637,77.016038345627,
OKTA,2018,-114359000.0,179235000.0,-116362000,70821000.0,256547000.0,80755000.0,-45.356991116637495,-44.576237492545225,31.477662962342183,27.605468003913515,69.864391320109,
OKTA,2019,-125497000.0,285833000.0,-119622000,102385000.0,399254000.0,113421000.0,-29.961377969913887,-31.43287230685228,28.40823135147049,25.64407620211695,71.59176864852951,
OKTA,2020,-208913000.0,426685000.0,-185832000,159269000.0,586067000.0,159382000.0,-31.70832003849389,-35.646606957907544,27.195184168363003,27.17590309640365,72.80481583163699,
OKTA,2021,-266332000.0,617743000.0,-204159000,222826000.0,835424000.0,217681000.0,-24.43777052131612,-31.879859807714407,26.05634982954763,26.672204772666337,73.94365017045237,
OKTA,2022,-848411000.0,903796000.0,-767103000,469259000.0,1300201000.0,396405000.0,-58.998800954621636,-65.25229560660236,30.487978397186282,36.09126588888948,69.51202160281372,
OKTA,2023,-815000000.0,1312000000.0,-812000000,620000000.0,1858000000.0,546000000.0,-43.70290635091496,-43.864370290635094,29.38643702906351,33.3692142088267,70.6135629709365,
OKTA,2024,-355000000.0,1682000000.0,-516000000,656000000.0,2263000000.0,581000000.0,-22.801590808661068,-15.687140963323024,25.673884224480776,28.988068935041976,74.32611577551921,
OKTA,2025,28000000.0,1992000000.0,-74000000,642000000.0,2610000000.0,618000000.0,-2.835249042145594,1.0727969348659003,23.678160919540232,24.597701149425287,76.32183908045977,
OKTA,2026,235000000.0,2258000000.0,149000000,639000000.0,2919000000.0,661000000.0,5.104487838300788,8.050702295306612,22.64474134977732,21.891058581706062,77.35525865022268,
DDOG,2018,4383025000.0,5364883000.0,4332223000,,17604451000.0,12239568000.0,24.608679929865467,24.897254677240433,69.52541718000748,,30.474582819992513,
DDOG,2019,5674145000.0,6621168000.0,5462831000,,22109946000.0,15488778000.0,24.707572781950713,25.663314600587444,70.05344110745455,,29.946558892545465,
DDOG,2020,4312213000.0,5837106000.0,4754367000,,25214290000.0,19377184000.0,18.85584325396432,17.102258282902273,76.85000846742066,,23.149991532579342,
DDOG,2021,4754827000.0,6589377000.0,5503011000,,30405839000.0,23816462000.0,18.098533640199832,15.637874685845702,78.32858024407746,,21.67141975592254,
DDOG,2022,6809056000.0,9039275000.0,7736481000,,35376996000.0,26337721000.0,21.868677035212375,19.247128840447616,74.44872085804006,,25.55127914195993,
DDOG,2023,8749004000.0,11662526000.0,10007924000,,38418915000.0,26756389000.0,26.049470683906613,22.772647275437112,69.64379134600756,,30.35620865399244,
DDOG,2024,8816835000.0,13717092000.0,11776859000,,44280720000.0,30563628000.0,26.595906751290403,19.911227730714405,69.02242781960184,,30.97757218039815,
DDOG,2025,9080651000.0,12271441000.0,10474861000,,49098667000.0,36827226000.0,21.33430832246423,18.494699662620167,75.00656993396582,,24.993430066034175,
SNOW,2019,-178028000.0,44913000.0,-185465000,68681000.0,96666000.0,51753000.0,-191.86166801150353,-184.16816667701156,53.53795543417541,71.04980034345064,46.46204456582459,
SNOW,2020,-348535000.0,148191000.0,-358088000,105160000.0,264748000.0,116557000.0,-135.25616812969315,-131.6478311450889,44.02563947603004,39.720791091906264,55.97436052396997,
SNOW,2021,-539102000.0,349461000.0,-543937000,237946000.0,592049000.0,242588000.0,-91.8736455935235,-91.05699021533691,40.974311247886575,40.190254522851994,59.025688752113425,
SNOW,2022,-679948000.0,760894000.0,-715036000,466932000.0,1219327000.0,458433000.0,-58.64185735245755,-55.76420435207291,37.59721551314782,38.29423936318969,62.40278448685217,
SNOW,2023,-796705000.0,1348119000.0,-842267000,788058000.0,2065659000.0,717540000.0,-40.77473581070254,-38.56904745652598,34.73661432017579,38.15044012588719,65.26338567982421,
SNOW,2024,-836097000.0,1907931000.0,-1094773000,1287949000.0,2806489000.0,898558000.0,-39.00863320682889,-29.791565190528097,32.01715738062754,45.891824268685895,67.98284261937246,
SNOW,2025,-1285640000.0,2411723000.0,-1456010000,1783379000.0,3626396000.0,1214673000.0,-40.15033107250284,-35.45227823988334,33.49532152583446,49.17772355804495,66.50467847416553,
SNOW,2026,-1331616000.0,3146141000.0,-1435165000,1969472000.0,4683946000.0,1537805000.0,-30.64008423666712,-28.429362763789335,32.83139899563317,42.04728235551819,67.16860100436683,
MDB,2018,-96359000.0,111660000.0,-97267000,62202000.0,166028000.0,42859000.0,-58.58469655720722,-58.037800852868195,25.814320476064278,37.46476497940107,67.2537162406341,
MDB,2019,-99011000.0,193448000.0,-97765000,89854000.0,267016000.0,73568000.0,-36.613910776882285,-37.08054948018096,27.551907001827608,33.651166971267635,72.4480929981724,
MDB,2020,-175522000.0,296364000.0,-147866000,149033000.0,421720000.0,125356000.0,-35.06260077776724,-41.62050649720194,29.724935976477283,35.33932467039742,70.27506402352272,
MDB,2021,-266944000.0,413304000.0,-209304000,205161000.0,590380000.0,177076000.0,-35.45242047494834,-45.215623835495784,29.99356346759714,34.750669060605034,70.00643653240286,
MDB,2022,-306866000.0,614290000.0,-289364000,308820000.0,873782000.0,259492000.0,-33.116269275402786,-35.11928604617628,29.6975675855076,35.3429116186875,70.3024324144924,
MDB,2023,-345398000.0,934736000.0,-346655000,421692000.0,1284040000.0,349304000.0,-26.997211924862153,-26.89931777826236,27.203513909224014,32.84103298962649,72.79648609077599,
MDB,2024,-176600000.0,1258526000.0,-233732000,515940000.0,1683011000.0,424485000.0,-13.887728600704333,-10.493098381412837,25.2217602855834,30.6557711149838,74.7782397144166,
MDB,2025,-129072000.0,1471147000.0,-216064000,596837000.0,2006443000.0,535296000.0,-10.76850924745931,-6.432876488392643,26.678854071608317,29.746023186305315,73.32114592839169,
MDB,2026,-71151000.0,1767739000.0,-136968000,716303000.0,2463797000.0,696058000.0,-5.559224238035845,-2.8878596735039452,28.251434675827596,29.07313386614238,71.7485653241724,
ESTC,2018,-52727000.0,119195000.0,-47994000,55641000.0,159935000.0,40740000.0,-30.008440929127456,-32.967768155813296,25.47284834464001,34.78975833932535,74.52715165535999,
ESTC,2019,-102303000.0,193643000.0,-101356000,101167000.0,271653000.0,78010000.0,-37.31083404195794,-37.65944053627238,28.7167820712453,37.241259989766355,71.2832179287547,
ESTC,2020,-167174000.0,304930000.0,-171105000,165370000.0,427620000.0,122690000.0,-40.013329591693555,-39.094055469809646,28.69136148917263,38.67218558533278,71.30863851082736,
ESTC,2021,-129434000.0,447435000.0,-129478000,199203000.0,608489000.0,161054000.0,-21.2786098023136,-21.271378775951575,26.467857266113278,32.737321463494,73.53214273388673,
ESTC,2022,-203848000.0,630180000.0,-173680000,273761000.0,862374000.0,232194000.0,-20.139753749533266,-23.638003928689873,26.924976866185666,31.745043333866747,73.07502313381433,
ESTC,2023,-236161000.0,772363000.0,-219172000,313454000.0,1068989000.0,296626000.0,-20.50273669794544,-22.091995333908958,27.748274304038677,29.322471980534882,72.25172569596133,
ESTC,2024,61720000.0,937242000.0,-129902000,341951000.0,1267321000.0,330079000.0,-10.25012605330457,4.870115779664347,26.04541390855198,26.98219314601431,73.95458609144802,
ESTC,2025,-108114000.0,1103423000.0,-54922000,365758000.0,1483296000.0,379873000.0,-3.702699933121912,-7.2887677172998515,25.61006029814683,24.65846331413285,74.38993970185317,
HUBS,2018,-15448000.0,92179000.0,-48258000,117603000.0,114556000.0,22377000.0,-42.126121722127166,-13.48510772024163,19.533677851880302,102.65983449142777,80.4663221481197,
HUBS,2019,-11100000.0,122220000.0,-46991000,158237000.0,,,,,,,,
HUBS,2020,-17716000.0,160683000.0,-50828000,205589000.0,,,,,,,,
HUBS,2021,-77837000.0,1041801000.0,-54799000,301970000.0,,,,,,,,
HUBS,2022,-112749000.0,1416710000.0,-109101000,442022000.0,,,,,,,,
HUBS,2023,-176295000.0,1824741000.0,-208056000,617745000.0,,,,,,,,
HUBS,2024,4628000.0,2234278000.0,-67602000,778714000.0,,,,,,,,
HUBS,2025,45911000.0,2622779000.0,7379000,905943000.0,,,,,,,,
PCTY,2018,39177000.0,74755000.0,20465000,37645000.0,113407000.0,149197000.0,18.045623286040545,34.545486610173974,131.55889848069344,33.19459998060085,65.91744777659227,
PCTY,2019,28026000.0,99807000.0,36212000,50329000.0,139552000.0,,25.948750286631505,20.082836505388673,,36.06469273102499,71.51957693189635,
PCTY,2020,40132000.0,123565000.0,47741000,62766000.0,171646000.0,,27.813639700313438,23.38067883900586,,36.567120701909744,71.9882782004824,
PCTY,2021,70819000.0,416329000.0,58043000,76707000.0,635627000.0,,9.131613351855727,11.141597194581099,,12.067926629926042,65.49894828256194,
PCTY,2022,90777000.0,565649000.0,84594000,102908000.0,852651000.0,,9.921292533521923,10.64644268287963,,12.069181880980612,66.34003830406579,
PCTY,2023,140822000.0,807559000.0,155026000,163994000.0,1174598000.0,,13.198217602958628,11.988952816197541,,13.961712858356645,68.75194747479563,
PCTY,2024,206766000.0,960786000.0,260093000,178333000.0,1402515000.0,,18.544757097072047,14.742516122822217,,12.71522942713625,68.50450797317676,
PCTY,2025,227127000.0,1096998000.0,304024000,205851000.0,1595221000.0,,19.058425133570832,14.237964520276499,,12.90423082444376,68.76777575019386,
PAYC,2018,41160000.0,,51020000,46247000.0,153916000.0,90763000.0,33.14795083032303,26.74185919592505,58.96917799319109,30.046908703448633,,
PAYC,2019,47282000.0,,62488000,73080000.0,,109747000.0,,,,,,
PAYC,2020,63015000.0,,89264000,90244000.0,,123546000.0,,,,,,
PAYC,2021,195960000.0,,253567000,118426000.0,,161886000.0,,,,,,
PAYC,2022,281389000.0,1162500000.0,378679000,148343000.0,,212741000.0,,,,,,
PAYC,2023,340788000.0,1417400000.0,451322000,198951000.0,,276290000.0,,,,,,
PAYC,2024,502000000.0,1548600000.0,634300000,242600000.0,,334600000.0,,,,,,
PAYC,2025,453400000.0,1706300000.0,567200000,283400000.0,,345400000.0,,,,,,
VEEV,2018,141966000.0,474132000.0,150792000,132051000.0,685571000.0,211439000.0,21.995096058613914,20.707702046906885,30.84129871304358,19.261462343068768,69.15870128695643,
VEEV,2019,229832000.0,616929000.0,222866000,158783000.0,862210000.0,,25.848227230025167,26.656151053687616,,18.415815172637757,71.55205808329758,
VEEV,2020,301118000.0,800712000.0,286219000,209895000.0,1104081000.0,,25.923732045022057,27.273180138051465,,19.01083344428534,72.52293989299699,
VEEV,2021,379998000.0,1056141000.0,377794000,294220000.0,,,,,,,,
VEEV,2022,427390000.0,1347099000.0,505496000,382035000.0,,,,,,,,
VEEV,2023,487706000.0,1545655000.0,459091000,520278000.0,,,,,,,,
VEEV,2024,525705000.0,1686382000.0,429334000,629031000.0,,,,,,,,
VEEV,2025,714138000.0,2046983000.0,691435000,693078000.0,,,,,,,,
VEEV,2026,908906000.0,2413292000.0,916369000,767386000.0,,,,,,,,
TYL,2018,37825000.0,102805000.0,152492000,,,495704000.0,,,,,,
TYL,2019,27348000.0,116048000.0,156367000,,,569527000.0,,,,,,
TYL,2020,47550000.0,129131000.0,172926000,,,574151000.0,,,,,,
TYL,2021,161458000.0,709644000.0,180735000,,,882643000.0,,,,,,
TYL,2022,164240000.0,783863000.0,214249000,,,1066341000.0,,,,,,
TYL,2023,165919000.0,861099000.0,218537000,,,1090652000.0,,,,,,
TYL,2024,263026000.0,935761000.0,299526000,,,1202042000.0,,,,,,
TYL,2025,315603000.0,1083700000.0,357676000,,,1248640000.0,,,,,,
BOX,2018,-154960000.0,370894000.0,-154021000,136791000.0,506142000.0,135248000.0,-30.430393051752276,-30.615914111059745,26.72135487669468,27.026210035918773,73.27864512330532,
BOX,2019,-134612000.0,434792000.0,-134237000,163750000.0,,,,,,,,
BOX,2020,-144348000.0,480687000.0,-139472000,199750000.0,,,,,,,,
BOX,2021,-43433000.0,546032000.0,-37642000,201262000.0,,,,,,,,
BOX,2022,-41459000.0,624848000.0,-27626000,218523000.0,,,,,,,,
BOX,2023,26783000.0,738318000.0,36840000,243529000.0,,,,,,,,
BOX,2024,129032000.0,777129000.0,50753000,248767000.0,,,,,,,,
BOX,2025,244621000.0,862025000.0,79634000,264853000.0,,,,,,,,
BOX,2026,115383000.0,932606000.0,83189000,294542000.0,,,,,,,,
DOCN,2018,,,35835000,177298000.0,2533048000.0,501152000.0,1.4146988134453038,,19.784544153920493,6.9993936159125285,,
DOCN,2019,22895000.0,,-34183000,193457000.0,2705801000.0,139848000.0,-1.2633227646822514,0.8461450047509037,5.1684510427780905,7.149712783756086,,
DOCN,2020,269726000.0,,-312338000,267359000.0,3047681000.0,179327000.0,-10.248382294603669,8.85020446693732,5.884047575845372,8.772538858233522,,
DOCN,2021,597547000.0,,-137067000,220120000.0,3699627000.0,,-3.704887006176569,16.15154716948492,,5.9497889922416505,,
DOCN,2022,-1170170000.0,,-474771000,332873000.0,5235280000.0,,-9.068684005440014,-22.351622071789855,,6.358265460491129,,
DOCN,2023,265942000.0,,-260763000,334491000.0,4365235000.0,,-5.973630285654724,6.0922722373480465,,7.662611520341975,,
DOCN,2024,-539897000.0,,-4230000,323687000.0,,,,,,,,
DOCN,2025,-104026000.0,,-97416000,196021000.0,,,,,,,,
FIVN,2018,-607000.0,34203000.0,-150000,7772000.0,58905000.0,24702000.0,-0.2546473134708429,-1.0304727951786776,41.935319582378405,13.194126135302605,58.064680417621595,
FIVN,2019,-1924000.0,43687000.0,-322000,10546000.0,74538000.0,30851000.0,-0.4319944189540906,-2.5812337331294106,41.3896267675548,14.148488019533662,58.6103732324452,
FIVN,2020,-7437000.0,55051000.0,-4956000,15189000.0,95088000.0,40037000.0,-5.212014134275619,-7.821176173649672,42.10520780750463,15.973624432104996,57.89479219249537,
FIVN,2021,-12332000.0,78079000.0,-11086000,22121000.0,137882000.0,59803000.0,-8.040208294048535,-8.943879549179734,43.372593957151764,16.043428438809997,56.62740604284823,
FIVN,2022,-34120000.0,93910000.0,-30839000,35824000.0,182777000.0,88867000.0,-16.872473013562974,-18.66755664005865,48.62045005662638,19.599840242481275,51.37954994337362,
FIVN,2023,-27248000.0,113683000.0,-28997000,38108000.0,218439000.0,104756000.0,-13.274644179839681,-12.47396298280069,47.95663777988363,17.445602662528213,52.04336222011637,
FIVN,2024,-7077000.0,132480000.0,-20695000,41518000.0,247010000.0,114530000.0,-8.378203311606818,-2.86506619165216,46.366543864620866,16.808226387595642,53.633456135379134,
FIVN,2025,576000.0,153732000.0,-5428000,41100000.0,279705000.0,125973000.0,-1.9406160061493358,0.20593124899447635,45.03780769024508,14.694052662626698,54.96219230975492,
MELI,2018,-12919000.0,162758000.0,-69482000,146273000.0,320976000.0,742645000.0,-21.647101340910226,-4.024911519864414,231.3708813119984,45.57131997407906,50.707217985145306,
MELI,2019,11864000.0,237004000.0,-153161000,223807000.0,,,,,,,,
MELI,2020,-21109000.0,312814000.0,127692000,352474000.0,,,,,,,,
MELI,2021,-34012000.0,591377000.0,440703000,590328000.0,1378000000.0,,31.98134978229318,-2.468214804063861,,42.83947750362845,42.9156023222061,
MELI,2022,65000000.0,1073000000.0,1034000000,1099000000.0,2248000000.0,,45.996441281138786,2.891459074733096,,48.887900355871885,47.731316725978644,
MELI,2023,201000000.0,1536000000.0,1823000000,1831000000.0,3037000000.0,,60.02634178465591,6.618373394797497,,60.28975963121501,50.57622653934805,
MELI,2024,1911000000.0,9577000000.0,2631000000,1934000000.0,20777000000.0,,12.663040862492178,9.197670501034798,,9.308369832025798,46.09423882177408,
MELI,2025,1997000000.0,12858000000.0,3201000000,2269000000.0,28893000000.0,,11.07880801578237,6.911708718374693,,7.853113210812307,44.50212854324577,
SHOP,2022,-3460000000.0,2754000000.0,-822000000,1503000000.0,5600000000.0,2846000000.0,-14.67857142857143,-61.78571428571429,50.82142857142857,26.839285714285715,49.17857142857143,
SHOP,2023,132000000.0,3515000000.0,-1418000000,1730000000.0,7060000000.0,3545000000.0,-20.08498583569405,1.8696883852691217,50.212464589235125,24.504249291784703,49.787535410764875,
SHOP,2024,2019000000.0,4472000000.0,1075000000,1367000000.0,8880000000.0,4408000000.0,12.105855855855856,22.736486486486488,49.63963963963964,15.394144144144144,50.36036036036036,
SHOP,2025,1231000000.0,5555000000.0,1468000000,1536000000.0,11556000000.0,6001000000.0,12.703357563170648,10.652474904811353,51.929733471789554,13.291796469366563,48.07026652821045,
TWLO,2018,-3630000.0,2406000.0,-3836000,4854000.0,3659000.0,,-104.83738726427987,-99.20743372506149,,132.65919650177645,65.75567094834655,
TWLO,2019,-1358000.0,7119000.0,7328000,7385000.0,8717000.0,,84.06561890558677,-15.578754158540784,,84.71951359412641,81.66800504760812,
TWLO,2020,570000.0,15027000.0,-6542000,13256000.0,17418000.0,,-37.55884716959467,3.272476748191526,,76.10517855092434,86.27282121942818,
TWLO,2021,-31292000.0,,-40079000,29646000.0,94085000.0,15822000.0,-42.598713928894085,-33.259286815113995,16.816708295690066,31.50980496359675,,
TWLO,2022,-67138000.0,,-72855000,44903000.0,137039000.0,32009000.0,-53.163697925408094,-48.991892818832596,23.35758433730544,32.76658469486789,,
TWLO,2023,-57466000.0,,-67977000,53618000.0,219788000.0,44982000.0,-30.928440133219283,-26.14610442790325,20.466085500573282,24.395326405445246,,
TWLO,2024,18245000.0,,8670000,52041000.0,332069000.0,60205000.0,2.610903155669454,5.494340031740391,18.130268106929584,15.671742920898971,,
TWLO,2025,-24158000.0,,-42810000,51850000.0,344229000.0,71028000.0,-12.436488500387822,-7.018002550627635,20.633938453761886,15.062647249360165,,
BRZE,2020,-31810000.0,60678000.0,-33533000,20339000.0,96364000.0,35686000.0,-34.79826491220788,-33.0102527914989,37.032501764144286,21.106429787057408,62.967498235855714,
BRZE,2021,-31752000.0,95680000.0,-32152000,29212000.0,150191000.0,54511000.0,-21.40740790060656,-21.14108035767789,36.29445173146194,19.44990046008083,63.70554826853806,
BRZE,2022,-76719000.0,159524000.0,-78211000,59034000.0,238035000.0,78511000.0,-32.85693280399941,-32.230134223958665,32.98296469006659,24.800554540298695,67.01703530993342,
BRZE,2023,-138966000.0,239608000.0,-148140000,97293000.0,355426000.0,115818000.0,-41.67956199040025,-39.0984339918858,32.5856859093032,27.373630516619496,67.4143140906968,
BRZE,2024,-129166000.0,324273000.0,-144692000,119863000.0,471800000.0,147527000.0,-30.668079694785927,-27.377278507842306,31.26896990250106,25.405468418821535,68.73103009749893,
BRZE,2025,-103743000.0,410219000.0,-122159000,133969000.0,593410000.0,183191000.0,-20.585935525184947,-17.48251630407307,30.870898704100032,22.576127803710758,69.12910129589996,
BRZE,2026,-131287000.0,495657000.0,-144757000,167143000.0,738182000.0,242525000.0,-19.609933593612418,-17.78518034847775,32.85436382897443,22.642519053566733,67.14563617102557,
BILL,2018,-36502316.0,-15190392.0,-34067567,7391693.0,763173.0,7981413.0,-4463.937665509655,-4782.967426782656,1045.8196241219225,968.5474984046868,-1990.4257619176778,
BILL,2019,-37162827.0,-5468329.0,-8017137,8199074.0,,5844891.0,,,,,,
BILL,2020,69776499.0,-11674589.0,282130766,9148931.0,,13067108.0,,,,,,
BILL,2021,-401344813.0,-133344032.0,-185114854,11610027.0,,132492110.0,,,,,,
BILL,2022,-117274218.0,-32649236.0,-129082864,23213540.0,,37672308.0,,,,,,
BILL,2023,-123919189.0,-25255793.0,-105298466,24467933.0,,38350545.0,,,,,,
BILL,2024,-101790293.0,-22225729.0,-73886913,9149055.0,,28842087.0,,,,,,
BILL,2025,-64086000.0,-9555000.0,-47440000,13163000.0,,30766000.0,,,,,,
PRGS,2018,-63548000.0,4686000.0,-12187000,20955000.0,,302000.0,,,,,,
PRGS,2019,39310000.0,3103000.0,-12761000,17948000.0,,412000.0,,,,,,
PRGS,2020,-8399000.0,1441000.0,-7438000,12317000.0,514000.0,385000.0,-1447.0817120622569,-1634.046692607004,74.90272373540856,2396.303501945525,280.35019455252916,
PRGS,2021,-1416000.0,2915000.0,-7050000,33914000.0,391000.0,1426000.0,-1803.06905370844,-362.14833759590795,364.70588235294116,8673.657289002556,745.5242966751917,
PRGS,2022,-7087000.0,13975000.0,-6396000,13987000.0,5237000.0,728000.0,-122.13099102539621,-135.32556807332443,13.90108840939469,267.0803895359939,266.8512507160588,
PRGS,2023,-4372000.0,8274000.0,-6642000,15705000.0,2386000.0,671000.0,-278.37384744341995,-183.2355406538139,28.12238055322716,658.2145850796312,346.77284157585916,
PRGS,2024,-18609000.0,,-21478000,12472000.0,9499000.0,334000.0,-226.10801136961786,-195.90483208758818,3.5161595957469203,131.29803137172334,,
PRGS,2025,-63533000.0,,-36619000,17729000.0,14556000.0,,-251.57323440505635,-436.47293212420993,,121.79857103599889,,
PLTR,2018,-580027000.0,430008000.0,-623440000,285451000.0,595409000.0,165401000.0,-104.7078562803048,-97.41656575564024,27.77939198097442,47.94200289212961,72.22060801902558,
PLTR,2019,-579646000.0,500182000.0,-576444000,305563000.0,742555000.0,242373000.0,-77.62980519961485,-78.061019049094,32.64041047464497,41.15021782898236,67.35958952535502,
PLTR,2020,-1166391000.0,740126000.0,-1173679000,560660000.0,1092673000.0,352547000.0,-107.41356288660926,-106.74657468428342,32.26463910062755,51.31086793578683,67.73536089937245,
PLTR,2021,-520379000.0,1202485000.0,-411046000,387487000.0,1541889000.0,339404000.0,-26.658598641017612,-33.7494462960693,22.01222007550479,25.130667642093563,77.98777992449521,
PLTR,2022,-373705000.0,1497322000.0,-161201000,359679000.0,1905871000.0,408549000.0,-8.458127543784443,-19.608095196369536,21.43634065474526,18.87215871378493,78.56365934525475,
PLTR,2023,209825000.0,1793907000.0,119966000,404624000.0,2225012000.0,431105000.0,5.3917012582404045,9.430286218681069,19.375401121432155,18.185250236852653,80.62459887856784,
PLTR,2024,462190000.0,2299517000.0,310403000,507878000.0,2865507000.0,565990000.0,10.83239370903648,16.129431894600152,19.751827512548388,17.72384433191055,80.24817248745161,
PLTR,2025,1625033000.0,3686269000.0,1414015000,557677000.0,4475446000.0,789177000.0,31.59495165398041,36.30996776634105,17.633482785849726,12.460813961334804,82.36651721415028,
AI,2019,-33346000.0,61219000.0,-36042000,37318000.0,91605000.0,30386000.0,-39.34501391845423,-36.401943125375254,33.170678456416134,40.73795098520823,66.82932154358386,
AI,2020,-69378000.0,117879000.0,-71497000,64548000.0,156666000.0,38787000.0,-45.636577176924156,-44.284018229864806,24.757764926659263,41.20102638734633,75.24223507334074,
AI,2021,-55696000.0,138698000.0,-60258000,68856000.0,183217000.0,44519000.0,-32.88886948263535,-30.398925863866346,24.2985094177942,37.58166545680805,75.70149058220579,
AI,2022,-192065000.0,189046000.0,-196122000,150544000.0,252759000.0,63713000.0,-77.59248928821526,-75.98740302026832,25.20701537828524,59.56029261074779,74.79298462171475,
AI,2023,-268839000.0,180458000.0,-290493000,210660000.0,266795000.0,86337000.0,-108.88247530875765,-100.7661312993122,32.36080136434341,78.95950074026875,67.6391986356566,
AI,2024,-279696000.0,178560000.0,-318342000,201365000.0,310582000.0,132022000.0,-102.49853500846797,-90.0554442949044,42.50793671236582,64.83472963661771,57.49206328763419,
AI,2025,-288702000.0,235863000.0,-324424000,226391000.0,389056000.0,153193000.0,-83.38748149366673,-74.20576986346438,39.37556547129462,58.18982357295608,60.624434528705386,
PATH,2018,-59910000.0,135707000.0,115185000,96272000.0,196913000.0,246735000.0,58.49537613057543,-30.42460375902048,125.30152910168451,48.89062682504456,68.91723756176586,
PATH,2019,3145000.0,153816000.0,135173000,110362000.0,215792000.0,255454000.0,62.64041299028694,1.4574219618892266,118.37973604211463,51.14276710906799,71.27975087120932,
PATH,2020,415000.0,179957000.0,107443000,126216000.0,246950000.0,274616000.0,43.50799757035837,0.16805021259364245,111.20307754606196,51.10994128366067,72.87183640413039,
PATH,2021,-51408000.0,117785000.0,-32871000,101813000.0,173856000.0,227016000.0,-18.90702650469354,-29.569298729983434,130.57702926559912,58.56168323210012,67.748596539665,
PATH,2022,-929413000.0,623384000.0,-819579000,92330000.0,719367000.0,95983000.0,-113.93058063547537,-129.19872610225377,13.342702681663186,12.834895123073482,86.65729731833682,
PATH,2023,-9109000.0,671735000.0,150373000,100173000.0,758740000.0,87005000.0,19.818778501199358,-1.2005430055091335,11.467037456836334,13.202546326804965,88.53296254316366,
PATH,2024,111903000.0,713588000.0,208419000,108599000.0,796895000.0,83307000.0,26.153884765245106,14.042376975636689,10.453949391074106,13.627767773671561,89.5460506089259,
SOUN,2020,-7437000.0,-217000.0,-7513000,3583000.0,,417000.0,,,,,,
SOUN,2021,-4056000.0,0.0,-3760000,1608000.0,8804000.0,516000.0,-42.70786006360745,-46.06996819627442,5.860972285324852,18.264425261244888,0.0,
SOUN,2022,-142000000.0,-33785000.0,-160212000,38281000.0,13751000.0,47536000.0,-1165.0934477492547,-1032.6521707512181,345.69122245654864,278.38702639808014,-245.69122245654862,
SOUN,2023,-129598000.0,-55603000.0,-135060000,21028000.0,4445000.0,60048000.0,-3038.470191226097,-2915.5905511811025,1350.9111361079865,473.07086614173227,-1250.9111361079865,
SOUN,2024,32547000.0,89306000.0,29627000,16335000.0,23224000.0,,127.57061660351361,140.1438167413021,,70.33672063382707,384.54185325525316,
NVDA,2018,3047000000.0,5822000000.0,3210000000,1797000000.0,9714000000.0,3892000000.0,33.045089561457694,31.36709903232448,40.06588429071443,18.499073502161828,59.934115709285564,
NVDA,2019,4141000000.0,7171000000.0,3804000000,2376000000.0,,,,,,,,
NVDA,2020,2796000000.0,6768000000.0,2846000000,2829000000.0,10918000000.0,4150000000.0,26.06704524638212,25.609085913170908,38.0106246565305,25.91133907309031,61.9893753434695,
NVDA,2021,4332000000.0,10396000000.0,4532000000,3924000000.0,16675000000.0,6279000000.0,27.178410794602698,25.979010494752625,37.6551724137931,23.53223388305847,62.3448275862069,
NVDA,2022,9752000000.0,17475000000.0,10041000000,5268000000.0,26914000000.0,9439000000.0,37.307720888756776,36.23393029649996,35.070966783086874,19.573456193802482,64.92903321691314,
NVDA,2023,4368000000.0,15356000000.0,4224000000,7339000000.0,26974000000.0,11618000000.0,15.65952398606065,16.193371394676355,43.071105509008675,27.20768147104619,56.928894490991325,
NVDA,2024,29760000000.0,44301000000.0,32972000000,8675000000.0,60922000000.0,16621000000.0,54.121663766783755,48.84934834706674,27.282426709563047,14.239519385443684,72.71757329043696,
NVDA,2025,72880000000.0,97858000000.0,81453000000,12914000000.0,130497000000.0,32639000000.0,62.417526839697466,55.848027157712444,25.01130294183008,9.896012935163261,74.98869705816992,
NVDA,2026,120067000000.0,153463000000.0,130387000000,18497000000.0,215938000000.0,62475000000.0,60.38168363141272,55.60253406070261,28.93191564245293,8.565884652076058,71.06808435754708,
AMD,2018,81000000.0,597000000.0,120000000,343000000.0,1647000000.0,1050000000.0,7.285974499089254,4.918032786885246,63.752276867030965,20.82574377656345,36.247723132969035,
AMD,2019,16000000.0,521000000.0,38000000,373000000.0,1272000000.0,751000000.0,2.9874213836477987,1.257861635220126,59.040880503144656,29.323899371069185,40.959119496855344,
AMD,2020,162000000.0,818000000.0,177000000,442000000.0,1786000000.0,968000000.0,9.910414333706608,9.070548712206048,54.1993281075028,24.748040313549833,45.8006718924972,
AMD,2021,3162000000.0,7929000000.0,3648000000,2845000000.0,16434000000.0,8505000000.0,22.197882438846296,19.240598758671048,51.75246440306681,17.31167092612876,48.24753559693319,
AMD,2022,1320000000.0,10603000000.0,1264000000,5005000000.0,23601000000.0,12998000000.0,5.355705266725986,5.592983348163213,55.07393754501928,21.206728528452185,44.92606245498072,
AMD,2023,854000000.0,10460000000.0,401000000,5872000000.0,22680000000.0,12220000000.0,1.7680776014109347,3.7654320987654324,53.880070546737215,25.89065255731922,46.119929453262785,
AMD,2024,1641000000.0,12725000000.0,1900000000,6456000000.0,25785000000.0,13060000000.0,7.368625169672289,6.364165212332752,50.649602482063216,25.03781268179174,49.350397517936784,
AMD,2025,4335000000.0,17152000000.0,3694000000,8091000000.0,34639000000.0,17487000000.0,10.664280146655504,12.514795461762754,50.483558994197296,23.358064609255464,49.51644100580271,
INTC,2018,21053000000.0,43737000000.0,23316000000,13543000000.0,70848000000.0,27111000000.0,32.90989159891599,29.71572944896116,38.266429539295395,19.115571364046975,61.73357046070461,
INTC,2019,21048000000.0,42140000000.0,22035000000,13362000000.0,71965000000.0,29825000000.0,30.619050927534218,29.24755089279511,41.443757382060724,18.567359132911832,58.55624261793928,
INTC,2020,20899000000.0,43612000000.0,23678000000,13556000000.0,77867000000.0,34255000000.0,30.408260238611994,26.839354283586115,43.99167811781627,17.409172049777183,56.00832188218372,
INTC,2021,19868000000.0,43815000000.0,19456000000,15190000000.0,79024000000.0,35209000000.0,24.62036849564689,25.141729094958492,44.55481878922859,19.2220085037457,55.44518121077141,
INTC,2022,8014000000.0,26866000000.0,2334000000,17528000000.0,63054000000.0,36188000000.0,3.7015891140926827,12.709740857043169,57.39207663272751,27.798395026485235,42.6079233672725,
INTC,2023,1689000000.0,21711000000.0,93000000,16046000000.0,54228000000.0,32517000000.0,0.1714981190528878,3.114627129895995,59.9634874972339,29.589879766910084,40.0365125027661,
INTC,2024,-18756000000.0,17345000000.0,-11678000000,16546000000.0,53101000000.0,35756000000.0,-21.99205288036007,-35.321368712453626,67.33583171691681,31.159488521873413,32.664168283083185,
INTC,2025,-267000000.0,18375000000.0,-2214000000,13774000000.0,52853000000.0,34478000000.0,-4.188976973870925,-0.5051747299112632,65.23376156509563,26.060961534823,34.76623843490436,
AVGO,2018,6230000000.0,2628000000.0,943000000,3768000000.0,5327000000.0,10115000000.0,17.70227144734372,116.95137976346912,189.88173455978975,70.73399662098743,49.33358363056129,
AVGO,2019,,3208000000.0,555000000,4696000000.0,,10114000000.0,,,,,,
AVGO,2020,,3264000000.0,714000000,4968000000.0,,10372000000.0,,,,,,
AVGO,2021,,16844000000.0,8519000000,4854000000.0,,10606000000.0,,,,,,
AVGO,2022,11495000000.0,22095000000.0,14225000000,4919000000.0,,11108000000.0,,,,,,
AVGO,2023,14082000000.0,24690000000.0,16207000000,5253000000.0,,11129000000.0,,,,,,
AVGO,2024,5895000000.0,32509000000.0,13463000000,9310000000.0,,19065000000.0,,,,,,
AVGO,2025,,43294000000.0,25484000000,10977000000.0,,20593000000.0,,,,,,
MRVL,2018,520831000.0,1461940000.0,429695000,714444000.0,2409170000.0,947230000.0,17.835810673385442,21.618690254319954,39.31769032488368,29.655192452172326,60.68230967511633,
MRVL,2019,-179094000.0,1458392000.0,43270000,914009000.0,,1407399000.0,,,,,,
MRVL,2020,1584391000.0,1356941000.0,-243358000,1080391000.0,,1342220000.0,,,,,,
MRVL,2021,-277298000.0,1488350000.0,-258389000,1072740000.0,,1480550000.0,,,,,,
ANET,2018,144538000.0,302919000.0,138738000,102362000.0,472489000.0,,29.363223270806305,30.59076507601235,,21.6644197007761,64.11133380882941,
ANET,2019,201029000.0,380570000.0,194342000,119669000.0,595424000.0,,32.639262105659164,33.762327349922074,,20.098114956736712,63.915797818025474,
ANET,2020,138431000.0,338251000.0,149662000,113154000.0,523029000.0,,28.61447453200492,26.46717486028499,,21.63436444250701,64.6715574088626,
ANET,2021,840854000.0,1880779000.0,924739000,586752000.0,2948037000.0,,31.367957729160118,28.52250497534461,,19.90314232826793,63.797672824323435,
ANET,2022,1352446000.0,2675696000.0,1527106000,728394000.0,4381310000.0,,34.85500911827741,30.868530188459616,,16.625027674371363,61.07068433870235,
ANET,2023,2087321000.0,3630281000.0,2257249000,854918000.0,5860168000.0,,38.51850322379836,35.618791133633025,,14.588626128124654,61.948411717889314,
ANET,2024,2852054000.0,4491303000.0,2944616000,996717000.0,7003146000.0,,42.04704571345507,40.725325446592144,,14.232417830500749,64.13264838402627,
ANET,2025,3511400000.0,5768700000.0,3856100000,1237300000.0,9005700000.0,,42.81843721198796,38.99086134337142,,13.739076362748037,64.05609780472368,
SMCI,2018,46165000.0,105917000.0,94714000,165104000.0,,2930498000.0,,,,,,
SMCI,2019,71918000.0,112327000.0,97233000,179907000.0,,3004838000.0,,,,,,
SMCI,2020,84308000.0,133360000.0,85654000,221478000.0,,2813071000.0,,,,,,
SMCI,2021,111865000.0,534538000.0,123947000,224369000.0,,3022884000.0,,,,,,
SMCI,2022,285163000.0,800001000.0,335167000,272273000.0,,4396098000.0,,,,,,
SMCI,2023,639998000.0,1283012000.0,761142000,307260000.0,,5840470000.0,,,,,,
SMCI,2024,1152666000.0,2061410000.0,1210774000,463548000.0,,12927841000.0,,,,,,
SMCI,2025,1048854000.0,2429922000.0,1252994000,636550000.0,,19542120000.0,,,,,,
CRWD,2018,-135490000.0,64266000.0,-131440000,58887000.0,118752000.0,54486000.0,-110.68445163028832,-114.094920506602,45.882174616006466,49.58821746160065,54.117825383993534,
CRWD,2019,-140077000.0,162586000.0,-136864000,84551000.0,249824000.0,87238000.0,-54.784168054310236,-56.070273472524654,34.91978352760343,33.844226335340075,65.08021647239657,
CRWD,2020,-141779000.0,339786000.0,-146065000,130188000.0,481413000.0,141627000.0,-30.340892331532388,-29.450596473298397,29.419022751774467,27.042892485246554,70.58097724822554,
CRWD,2021,-92629000.0,644893000.0,-92529000,214670000.0,874438000.0,229545000.0,-10.581539228624557,-10.592975145178961,26.250574654806858,24.54948206733925,73.74942534519315,
CRWD,2022,-234802000.0,1068373000.0,-142548000,371283000.0,1451594000.0,383221000.0,-9.820101212873572,-16.175459529317425,26.400012675720625,25.577606410607924,73.59998732427938,
CRWD,2023,-183245000.0,1640005000.0,-190112000,608364000.0,2241236000.0,601231000.0,-8.482462355593075,-8.176068919114273,26.825867512390484,27.144129400027484,73.17413248760951,
CRWD,2024,89327000.0,2299832000.0,-1995000,768497000.0,3055555000.0,755723000.0,-0.06529092096198563,2.9234296224417493,24.73275722413768,25.150815481966447,75.26724277586231,
CRWD,2025,-19271000.0,2962143000.0,-120430000,1076901000.0,3953624000.0,991481000.0,-3.046066090250363,-0.4874262195899256,25.07777674356489,27.238326153422783,74.9222232564351,
CRWD,2026,-162502000.0,3593076000.0,-293292000,1384770000.0,4812005000.0,1218929000.0,-6.095006135696035,-3.377012284899953,25.33100027950927,28.77740151974073,74.66899972049073,
PANW,2018,-34900000.0,383100000.0,-31800000,96600000.0,2273100000.0,159300000.0,-1.3989705688267124,-1.5353482028947252,7.008050679688531,4.249703048700013,16.853636003695392,
PANW,2019,-2600000.0,508600000.0,6600000,128300000.0,,202600000.0,,,,,,
PANW,2020,-73700000.0,583600000.0,-52900000,185400000.0,,233100000.0,,,,,,
PANW,2021,-498900000.0,2981200000.0,-304100000,1140400000.0,,1274900000.0,,,,,,
PANW,2022,-267000000.0,3782800000.0,-188800000,1417700000.0,,1718700000.0,,,,,,
PANW,2023,439700000.0,4983000000.0,387300000,1604000000.0,,1909700000.0,,,,,,
PANW,2024,2577600000.0,5968300000.0,683900000,1809400000.0,,2059200000.0,,,,,,
PANW,2025,1133900000.0,6769900000.0,1242900000,1984100000.0,,2451600000.0,,,,,,
FTNT,2018,332200000.0,1350800000.0,231000000,244500000.0,1801200000.0,450400000.0,12.824783477681546,18.44326004885632,25.005551854319343,13.574283810792807,74.99444814568066,
FTNT,2019,326500000.0,1650300000.0,344200000,277100000.0,2156200000.0,505900000.0,15.963268713477413,15.142380113162043,23.46257304517206,12.851312494202762,76.53742695482794,
FTNT,2020,488500000.0,2024400000.0,531800000,341400000.0,2594400000.0,570000000.0,20.49799568300956,18.829016342892384,21.970397779833487,13.159111933395003,78.02960222016651,
FTNT,2021,606800000.0,2559200000.0,650400000,424200000.0,3342200000.0,783000000.0,19.460235772844232,18.155705822512118,23.42768236490934,12.692238645203757,76.57231763509066,
FTNT,2022,857300000.0,3332500000.0,969600000,512400000.0,4417400000.0,1084900000.0,21.949563091411235,19.407343686331327,24.559695748630418,11.59958346538688,75.44030425136958,
FTNT,2023,1147800000.0,4067600000.0,1241100000,613800000.0,5304800000.0,1237200000.0,23.39579248982054,21.637007992761273,23.32227416679234,11.570652993515306,76.67772583320766,
FTNT,2024,1745200000.0,4798200000.0,1803400000,716800000.0,5955800000.0,1157600000.0,30.279727324624734,29.302528627556327,19.436515665401792,12.035326908223915,80.56348433459821,
FTNT,2025,1853400000.0,5470700000.0,2084700000,815500000.0,6799600000.0,1328900000.0,30.65915642096594,27.257485734454967,19.54379669392317,11.993352550150009,80.45620330607683,
ZS,2018,-33646000.0,152299000.0,-34624000,39379000.0,190174000.0,37875000.0,-18.206484587798542,-17.692218704975442,19.91597168908473,20.70682638005195,80.08402831091527,
ZS,2019,-28655000.0,243167000.0,-35313000,61969000.0,302836000.0,59669000.0,-11.660766883725845,-9.462217173651744,19.70340382253101,20.46289080558454,80.296596177469,
ZS,2020,-115116000.0,335536000.0,-113956000,97879000.0,431269000.0,95733000.0,-26.423415548068608,-26.692389204881405,22.197978523844746,22.69557978894843,77.80202147615526,
ZS,2021,-262029000.0,522783000.0,-207812000,174653000.0,673100000.0,150317000.0,-30.873867181696628,-38.92868815926311,22.33204575843114,25.94755608379141,77.66795424156886,
ZS,2022,-390278000.0,848664000.0,-327429000,289139000.0,1090946000.0,242282000.0,-30.013309549693567,-35.77427297043116,22.208431948052425,26.503511631189813,77.79156805194758,
ZS,2023,-202335000.0,1254120000.0,-234623000,349735000.0,1616952000.0,362832000.0,-14.510201910755546,-12.513358467041694,22.439256081813188,21.629275327900892,77.56074391818682,
ZS,2024,-57706000.0,1690642000.0,-121477000,499828000.0,2167771000.0,477129000.0,-5.603774568439194,-2.661997046736025,22.01012007264605,23.05723252133182,77.98987992735395,
ZS,2025,-41478000.0,2054937000.0,-128460000,672485000.0,2673115000.0,618178000.0,-4.805629387437502,-1.5516728610628423,23.125754036021647,25.157353873664245,76.87424596397835,
S,2020,-32504000.0,18205000.0,26011000,20751000.0,,10285000.0,,,,,,
S,2021,-19312000.0,24655000.0,67826000,31615000.0,,18720000.0,,,,,,
S,2022,-89411000.0,39941000.0,-69094000,35153000.0,,40327000.0,,,,,,
S,2023,-63956000.0,63269000.0,-44649000,38923000.0,97612000.0,42434000.0,-45.74130229889768,-65.52063270909314,43.472114084333896,39.875220259804124,64.81682580010654,
S,2024,-102818000.0,39891000.0,-68734000,29188000.0,110451000.0,70560000.0,-62.23031027333388,-93.08924319381445,63.88353206399218,26.426198042570913,36.11646793600782,
S,2025,51305000.0,29163000.0,-95981000,36672000.0,,42390000.0,,,,,,
VRNS,2018,7665000.0,,8338000,,14743000.0,,56.555653530489046,51.99077528318524,,,,
VRNS,2019,7330000.0,,8192000,,15184000.0,,53.95152792413066,48.27449947312961,,,,
VRNS,2020,28496000.0,,1177000,,8037000.0,,14.644767948239393,354.5601592634068,,,,
VRNS,2021,41855000.0,,10676000,,19766000.0,,54.01193969442477,211.75250430031366,,,,
VRNS,2022,-15011000.0,,5605000,,14971000.0,,37.439048827733615,-100.26718322089371,,,,
VRNS,2023,-47071000.0,,-7271000,,540000.0,,-1346.4814814814815,-8716.851851851852,,,,
VRNS,2024,-91835000.0,,-92905000,,-55488000.0,,167.4325980392157,165.504253171857,,,,
VRNS,2025,1472000.0,,1534000,,,,,,,,,
CTSH,2018,520000000.0,,693000000,,3912000000.0,,17.71472392638037,13.29243353783231,,,,
CTSH,2019,441000000.0,,539000000,,4110000000.0,,13.114355231143552,10.72992700729927,,,,
CTSH,2020,1392000000.0,,2114000000,,16652000000.0,,12.695171751141004,8.359356233485467,,,,
CTSH,2021,2137000000.0,,2826000000,,18507000000.0,,15.269897876479169,11.54698222294267,,,,
CTSH,2022,2290000000.0,,2968000000,,19428000000.0,,15.2769199094091,11.787111385628988,,,,
CTSH,2023,2126000000.0,,2689000000,,19353000000.0,,13.894486642897741,10.985376944143027,,,,
CTSH,2024,2240000000.0,,2892000000,,19736000000.0,,14.65342521280908,11.349817592217267,,,,
CTSH,2025,2230000000.0,,3389000000,,21108000000.0,,16.05552397195376,10.5647148000758,,,,
ACN,2018,863703000.0,,1282764000,790779000.0,10067832000.0,7219438000.0,12.741213798561596,8.578838025902696,71.70797049454143,7.854511279091665,,
ACN,2019,1124449000.0,,1386626000,799734000.0,10454129000.0,7399780000.0,13.263907495306402,10.756027594455741,70.7833239861494,7.64993429868715,,
ACN,2020,1234740000.0,,1488945000,870611000.0,11141505000.0,7782334000.0,13.363948586838134,11.082344799917067,69.84993499531707,7.81412385490111,,
ACN,2021,1440859000.0,,1653515000,1118320000.0,12088125000.0,,13.678837702290473,11.919623597538907,,9.251393412956931,,
ACN,2022,1634942000.0,,2061580000,1123296000.0,15046693000.0,,13.701216606200445,10.865789579145398,,7.465401201446724,,
ACN,2023,1523648000.0,,1944581000,1298657000.0,15814158000.0,,12.29645612494829,9.63470834172771,,8.211989534947103,,
ACN,2024,1674859000.0,,2046427000,1150430000.0,15799514000.0,,12.952468031611605,10.600699489870385,,7.281426504638054,,
ACN,2025,1788075000.0,,2244714000,817300000.0,16659301000.0,,13.474238805097524,10.733193427503352,,4.905968143561366,,
INFY,2018,2486000000.0,3938000000.0,2659000000,116000000.0,10939000000.0,7001000000.0,24.30752353962885,22.72602614498583,64.00036566413749,1.0604259987201756,35.99963433586251,
INFY,2019,2200000000.0,4112000000.0,2696000000,110000000.0,,7687000000.0,,,,,,
INFY,2020,2338000000.0,4228000000.0,2724000000,117000000.0,,8552000000.0,,,,,,
INFY,2021,2623000000.0,4733000000.0,3325000000,127000000.0,,8828000000.0,,,,,,
INFY,2022,2968000000.0,5315000000.0,3755000000,124000000.0,,10996000000.0,,,,,,
INFY,2023,2983000000.0,5503000000.0,3825000000,129000000.0,,12709000000.0,,,,,,
INFY,2024,3169000000.0,5587000000.0,3834000000,135000000.0,,12975000000.0,,,,,,
INFY,2025,3162000000.0,5872000000.0,4071000000,153000000.0,,13405000000.0,,,,,,
EPAM,2018,64418000.0,,48697000,,,277634000.0,,,,,,
EPAM,2019,60754000.0,,64658000,,,344689000.0,,,,,,
EPAM,2020,85565000.0,,87509000,,,423802000.0,,,,,,
EPAM,2021,481652000.0,,542316000,,,2483697000.0,,,,,,
EPAM,2022,419416000.0,,572966000,,,3286683000.0,,,,,,
EPAM,2023,417083000.0,,501239000,,,3256514000.0,,,,,,
EPAM,2024,454533000.0,,544584000,,,3277497000.0,,,,,,
EPAM,2025,377678000.0,,520003000,,,3883535000.0,,,,,,
GLOB,2018,51596000.0,203756000.0,66794000,,522310000.0,318554000.0,12.788190921100496,9.87842469031801,60.98945070934886,,39.01054929065115,
GLOB,2019,54015000.0,254161000.0,80735000,,659325000.0,405164000.0,12.24509915443825,8.192469571152316,61.45133280248739,,38.54866719751261,
GLOB,2020,54217000.0,304327000.0,83942000,,814139000.0,509812000.0,10.310524369917177,6.659427935524523,62.61977377327459,,37.38022622672541,
GLOB,2021,96355000.0,494988000.0,144433000,,1297078000.0,802090000.0,11.135259406142113,7.4286203296948985,61.8382240697938,,38.161775930206204,
GLOB,2022,149479000.0,669395000.0,206707000,,1780243000.0,1110848000.0,11.611167688905391,8.396550358574643,62.398672540771116,,37.60132745922888,
GLOB,2023,158508000.0,755761000.0,198962000,,2095939000.0,1340178000.0,9.49273809972523,7.562624675622716,63.94165097362089,,36.058349026379105,
GLOB,2024,169003000.0,863367000.0,225418000,,2415689000.0,1552322000.0,9.331416419911669,6.996057853473688,64.26001029105983,,35.739989708940186,
GLOB,2025,103956000.0,859291000.0,171732000,,2454877000.0,1595586000.0,6.9955439722641914,4.234672449984256,64.99657620320693,,35.00342379679308,
PEGA,2018,16169000.0,,19414000,,94175000.0,,20.614812848420495,17.16910007963897,,,,
PEGA,2019,19400000.0,,23809000,,95190000.0,,25.012081100955985,20.38029204748398,,,,
PEGA,2020,10800000.0,,13241000,,79169000.0,,16.724980737409844,13.641703191905924,,,,
PEGA,2021,65756000.0,,79449000,,315934000.0,,25.147340900314624,20.813207821886852,,,,
PEGA,2022,55602000.0,,67646000,,294737000.0,,22.951309133227248,18.864954179488834,,,,
PEGA,2023,62108000.0,,77377000,,306853000.0,,25.21630878629181,20.24031050698543,,,,
PEGA,2024,55436000.0,,69056000,,309043000.0,,22.34511055095893,17.93795685390059,,,,
PEGA,2025,47145000.0,,58851000,,317252000.0,,18.550237665956402,14.860426411811432,,,,
VRNT,2018,-6627000.0,688442000.0,48630000,190643000.0,1135229000.0,446787000.0,4.283717205955803,-0.5837588715580733,39.35655273077062,16.793351825931154,60.64344726922938,
VRNT,2019,65991000.0,780534000.0,114235000,209106000.0,1229747000.0,449213000.0,9.289309101790856,5.366225735862742,36.528895781002106,17.00398537260103,63.47110421899789,
VRNT,2020,28684000.0,839868000.0,87856000,231683000.0,1303634000.0,463766000.0,6.739314869050669,2.2003108234366393,35.57486226962476,17.772089405461962,64.42513773037525,
VRNT,2021,-7267000.0,858111000.0,108705000,240169000.0,1273705000.0,415594000.0,8.53455077902654,-0.5705402742393254,32.62874841505686,18.855936029143326,67.37125158494314,
VRNT,2022,14413000.0,575937000.0,46843000,123291000.0,,298572000.0,,,,,,4400.0
VRNT,2023,14898000.0,607177000.0,57356000,130644000.0,,295068000.0,,,,,,4300.0
VRNT,2024,38610000.0,633275000.0,68185000,133804000.0,,277112000.0,,,,,,
VRNT,2025,82267000.0,648050000.0,106387000,149305000.0,,261136000.0,,,,,,
MANH,2018,22652000.0,,27830000,17059000.0,,,,,,,,
MANH,2019,20972000.0,,28276000,21213000.0,,,,,,,,
MANH,2020,22530000.0,,24196000,23328000.0,,,,,,,,
MANH,2021,110472000.0,,134333000,97628000.0,,,,,,,,
MANH,2022,128959000.0,,152700000,111877000.0,,,,,,,,
MANH,2023,176568000.0,,209881000,126814000.0,,,,,,,,
MANH,2024,218364000.0,,261596000,137689000.0,,,,,,,,
MANH,2025,219948000.0,,279800000,145062000.0,,,,,,,,
BSY,2018,33735000.0,411400000.0,103726000,185696000.0,1120517000.0,2880223000.0,9.25697691333554,3.0106638275010553,257.0441144578797,16.572350084826915,36.715194860943654,
BSY,2019,-2300000.0,398000000.0,90700000,578500000.0,1099500000.0,5941000000.0,8.249204183719874,-0.20918599363346974,540.3365165984538,52.61482492041837,36.198271941791724,
BSY,2020,-573400000.0,2747800000.0,-51800000,703300000.0,8435900000.0,5688100000.0,-0.6140423665524722,-6.797140791142617,67.42730473334203,8.336988347419954,32.57269526665797,
BSY,2021,-462600000.0,2684300000.0,48600000,683200000.0,8586700000.0,5902400000.0,0.565991591647548,-5.387401446422956,68.73886359136804,7.956490852131785,31.261136408631955,
BSY,2022,-139900000.0,557600000.0,30700000,657400000.0,9228100000.0,6424000000.0,0.33267953316500687,-1.5160217162796241,69.61346322644964,7.123893325820049,6.042413931361819,
BSY,2023,3400000.0,630200000.0,183100000,459700000.0,5789200000.0,3640900000.0,3.162785877150556,0.058730049056864506,62.891245767981765,7.940648103364886,10.88578732812824,
BSY,2024,-333700000.0,295100000.0,-54700000,316200000.0,4205800000.0,605800000.0,-1.300584906557611,-7.9342812306814405,14.403918398402208,7.5181891673403385,7.016501022397641,
BSY,2025,784000000.0,197600000.0,-16300000,283500000.0,1931600000.0,975700000.0,-0.8438600124249327,40.58811348105198,50.512528473804096,14.676951749844688,10.229861254918204,
PTC,2018,51987000.0,915630000.0,73237000,249774000.0,1241824000.0,326194000.0,5.897534594274228,4.186342025923158,26.26732934779808,20.113478238462132,73.73267065220193,
PTC,2019,-27460000.0,930253000.0,63042000,246888000.0,1255631000.0,,5.020742558920575,-2.186948235588322,,19.66246452978622,74.08649515661847,
PTC,2020,130695000.0,1124144000.0,210863000,256575000.0,1458415000.0,,14.458367474278583,8.961441016445937,,17.592729092885083,77.0798435287624,
PTC,2021,476923000.0,1436057000.0,380748000,299917000.0,1807159000.0,,21.068871084392686,26.39076030388029,,16.59604937916365,79.46489489856731,
PTC,2022,313081000.0,1547367000.0,447362000,338822000.0,1933347000.0,,23.13925022254153,16.193730354664734,,17.525151977373955,80.03565836862188,
PTC,2023,245540000.0,1656047000.0,458474000,394370000.0,2097053000.0,,21.86277600041582,11.708812319001952,,18.805914776593628,78.97020246984697,
PTC,2024,376333000.0,1853656000.0,588062000,433047000.0,2298472000.0,,25.584910323031995,16.373181835584685,,18.840647177777235,80.64731700016358,
PTC,2025,733997000.0,2294243000.0,982385000,457693000.0,2739226000.0,,35.863597965264645,26.795780997989944,,16.70884403112412,83.75515565345832,
CDNS,2018,345777000.0,,396209000,,2138022000.0,,18.531567963285692,16.1727521980597,,,,
CDNS,2019,988979000.0,,491796000,,2336319000.0,,21.050036403419227,42.33064919644963,,,,
CDNS,2021,590644000.0,,645552000,,2682891000.0,,24.061804970831837,22.0152067303517,,,,
CDNS,2022,695955000.0,,779089000,,2988244000.0,,26.071800027039295,23.289764825094604,,,,
CDNS,2023,1041144000.0,,1251225000,,4089986000.0,,30.59240300578046,25.455930655997356,,,,
CDNS,2024,1055484000.0,,1350763000,,4641264000.0,,29.103343399556675,22.741304954857124,,,,
CDNS,2025,1108888000.0,,1492042000,,5296759000.0,,28.168961434718852,20.935217177145496,,,,
SNPS,2018,432518000.0,2385160000.0,360225000,1084822000.0,3121058000.0,735898000.0,11.541759236771632,13.858057107557759,23.578478836343315,34.758149319878065,76.42152116365668,
SNPS,2019,532367000.0,2607748000.0,520231000,1136932000.0,3360694000.0,752946000.0,15.479868146281692,15.840984034845185,22.404479550949894,33.830274342144804,77.5955204490501,
SNPS,2020,664347000.0,2890591000.0,620141000,1279022000.0,3685281000.0,794690000.0,16.827509218428663,18.027037829679745,21.56389160012493,34.70622728633176,78.43610839987507,
SNPS,2021,757516000.0,3342416000.0,734790000,1504823000.0,4204193000.0,861777000.0,17.477551577674955,18.018107161112727,20.49803612726628,35.7933853179433,79.50196387273371,
SNPS,2022,984594000.0,4017845000.0,1162038000,1680379000.0,5081542000.0,1063697000.0,22.86782240508885,19.375890231744616,20.932563383319472,33.06828911381624,79.06743661668052,
SNPS,2023,1229888000.0,4620426000.0,1269259000,1946813000.0,,1222193000.0,,,,,,
SNPS,2024,2263380000.0,4882147000.0,1355711000,2082360000.0,,1245289000.0,,,,,,
SNPS,2025,1332220000.0,5430629000.0,914927000,2479338000.0,,1623549000.0,,,,,,
